{"nodes":{"node:0":{"location":{"x":292,"y":112}},"node:10":{"location":{"x":196,"y":314}},"node:2":{"location":{"x":340,"y":416}},"node:6":{"location":{"x":164,"y":202}}},"selection":null,"view":{"scroll":{"x":-187.1572265625,"y":5.80094528198242188},"visible_rect":{"max":{"x":935.05938720703125,"y":703.3289794921875},"min":{"x":-175.557403564453125,"y":5.44140815734863281}},"zoom":1.06607425212860107}}