{"nodes":{"node:0":{"location":{"x":0,"y":0}}},"selection":null,"view":{"scroll":{"x":-393.790313720703125,"y":-157.618194580078125},"visible_rect":{"max":{"x":537.47332763671875,"y":365.588043212890625},"min":{"x":-262.5269775390625,"y":-105.078834533691406}},"zoom":1.49999940395355225}}