{"nodes":{"node:1":{"location":{"x":-12,"y":-6}}},"selection":null,"view":{"scroll":{"x":-341.36920166015625,"y":-118.458099365234375},"visible_rect":{"max":{"x":421.315399169921875,"y":312.77093505859375},"min":{"x":-170.684600830078125,"y":-59.2290496826171875}},"zoom":2}}