{"nodes":{"node:0":{"location":{"x":372,"y":-32}}},"selection":null,"view":{"scroll":{"x":59.2493667602539062,"y":-40.0687446594238281},"visible_rect":{"max":{"x":1276.670166015625,"y":743.391845703125},"min":{"x":60.8420982360839844,"y":-41.1458663940429688}},"zoom":0.973821878433227539}}